USE car_rental_company;

INSERT INTO address (street, city, postcode, country) VALUES 
	('98947 Scoville Alley', 'Środa Wielkopolska', '63-001', 'Poland'),
	('61 Ryan Alley', 'Chmielno', '83-333', 'Poland'),
	('0 Manley Street', 'Gromadka', '59-706', 'Poland'),
	('8 Packers Parkway', 'Podedwórze', '21-222', 'Poland'),
	('5 Cardinal Circle', 'Łagów', '66-220', 'Poland'),
	('1 Monterey Circle', 'Skulsk', '62-560', 'Poland'),
	('87791 Towne Crossing', 'Koło', '62-602', 'Poland'),
	('386 Reinke Junction', 'Pępowo', '63-830', 'Poland'),
	('0 Oneill Place', 'Celestynów', '05-430', 'Poland'),
	('9657 Katie Road', 'Stare Miasto', '62-571', 'Poland'),
	('57505 Mendota Alley', 'Radomin', '87-404', 'Poland'),
	('45 Tony Alley', 'Skała', '32-043', 'Poland'),
	('53425 Farwell Junction', 'Dobre', '88-210', 'Poland'),
	('8600 Corry Terrace', 'Podebłocie', '04-622', 'Poland'),
	('9795 Barby Alley', 'Wojnicz', '32-830', 'Poland'),
	('21562 Ridge Oak Way', 'Budziszewice', '97-212', 'Poland'),
	('34419 Tomscot Parkway', 'Prostki', '19-335', 'Poland'),
	('60 Atwood Alley', 'Kolbuszowa', '36-100', 'Poland'),
	('2 Weeping Birch Circle', 'Budziszewice', '97-212', 'Poland'),
	('5090 Summit Way', 'Grabów nad Prosną', '90-510', 'Poland'),
	('34 2nd Park', 'Cisiec', '34-383', 'Poland'),
	('5 Hudson Court', 'Śmiłowo', '64-810', 'Poland'),
	('47 Grover Street', 'Łapczyca', '32-744', 'Poland'),
	('906 Scoville Circle', 'Węgorzyno', '73-155', 'Poland'),
	('193 Orin Lane', 'Wierzawice', '37-306', 'Poland'),
	('86313 Eastlawn Trail', 'Krotoszyn', '63-702', 'Poland'),
	('50 8th Drive', 'Trablice', '90-557', 'Poland'),
	('2197 Merrick Trail', 'Kołaczyce', '38-213', 'Poland'),
	('287 Artisan Circle', 'Kaliska', '83-260', 'Poland'),
	('7 Mendota Point', 'Czerwieńsk', '66-016', 'Poland'),
	('19435 Bartelt Drive', 'Czerwieńsk', '66-016', 'Poland'),
	('7 Crescent Oaks Court', 'Promna', '26-803', 'Poland'),
	('1315 Esker Way', 'Koniaków', '43-474', 'Poland'),
	('18 Sutteridge Plaza', 'Leńcze', '34-142', 'Poland'),
	('1 Fordem Terrace', 'Laliki', '04-358', 'Poland'),
	('5705 Arrowood Trail', 'Piasek', '43-211', 'Poland'),
	('168 Havey Avenue', 'Wilków', '46-113', 'Poland'),
	('38074 Vera Junction', 'Mokotów', '05-090', 'Poland'),
	('85 Memorial Parkway', 'Bełżyce', '24-200', 'Poland'),
	('50683 Mitchell Circle', 'Pilzno', '39-220', 'Poland'),
	('47 North Drive', 'Mieszkowice', '74-505', 'Poland'),
	('5056 Schlimgen Lane', 'Bełchatów', '97-413', 'Poland'),
	('12 Grover Hill', 'Korczyna', '38-420', 'Poland'),
	('49955 Hintze Lane', 'Bełchatów', '97-413', 'Poland'),
	('795 Drewry Lane', 'Białołeka', '05-094', 'Poland'),
	('0 Mosinee Circle', 'Płońsk', '09-101', 'Poland'),
	('44873 Hollow Ridge Circle', 'Kamionka Wielka', '33-334', 'Poland'),
	('72 Gina Way', 'Strzelin', '57-100', 'Poland'),
	('2416 South Court', 'Sobienie Jeziory', '08-443', 'Poland'),
	('567 Anderson Drive', 'Śliwice', '89-530', 'Poland'),
	('961 Mccormick Parkway', 'Miejsce Piastowe', '38-430', 'Poland'),
	('845 Little Fleur Center', 'Jastrzębia Góra', '84-107', 'Poland'),
	('89406 Center Trail', 'Mieścisko', '62-290', 'Poland'),
	('93 Westport Circle', 'Michałowo', '16-050', 'Poland'),
	('55 Coleman Junction', 'Kołaczyce', '38-213', 'Poland'),
	('30 Bartelt Drive', 'Zduńska Wola', '98-231', 'Poland'),
	('8563 Burrows Hill', 'Bełżyce', '24-200', 'Poland'),
	('2229 Kipling Lane', 'Sulechów', '66-101', 'Poland'),
	('86914 Bellgrove Lane', 'Kamienna Góra', '58-402', 'Poland'),
	('976 Kropf Avenue', 'Brańsk', '17-120', 'Poland'),
	('25 Norway Maple Circle', 'Zakliczyn', '32-840', 'Poland'),
	('382 Lakewood Gardens Terrace', 'Wąsosz', '56-210', 'Poland'),
	('94 Veith Alley', 'Łodygowice', '34-325', 'Poland'),
	('299 Dawn Street', 'Przybiernów', '72-110', 'Poland'),
	('08329 Schmedeman Terrace', 'Szklarska Poręba', '58-580', 'Poland'),
	('39 Anhalt Point', 'Rybnik', '44-274', 'Poland'),
	('17698 Green Drive', 'Wysoka', '89-320', 'Poland'),
	('67 Merchant Hill', 'Białobrzegi', '37-114', 'Poland'),
	('45 Washington Hill', 'Bełk', '44-247', 'Poland'),
	('68129 Melby Parkway', 'Szczaniec', '66-225', 'Poland'),
	('5246 Hanover Place', 'Grębków', '07-110', 'Poland'),
	('1963 Anzinger Plaza', 'Łyse', '07-437', 'Poland'),
	('2913 Brentwood Avenue', 'Włosienica', '32-642', 'Poland'),
	('92 Melvin Park', 'Drawsko', '64-733', 'Poland'),
	('7 Dixon Crossing', 'Chłapowo', '84-120', 'Poland'),
	('831 Mendota Place', 'Dębowa Łąka', '87-207', 'Poland'),
	('982 Annamark Pass', 'Ujazd', '97-225', 'Poland'),
	('25 Truax Pass', 'Prabuty', '82-550', 'Poland'),
	('90367 Becker Pass', 'Borzęta', '32-447', 'Poland'),
	('7842 Mccormick Center', 'Głubczyce', '48-100', 'Poland'),
	('85 Hoffman Terrace', 'Skrzyszów', '44-348', 'Poland'),
	('14 Duke Junction', 'Miejska Górka', '63-910', 'Poland'),
	('0508 Shopko Drive', 'Prażmów', '80-893', 'Poland'),
	('3011 Linden Circle', 'Miłosław', '62-320', 'Poland'),
	('5124 Daystar Center', 'Ostrowite', '87-522', 'Poland'),
	('720 Packers Circle', 'Działoszyce', '28-440', 'Poland'),
	('5 Heffernan Alley', 'Bartniczka', '87-321', 'Poland'),
	('3838 Eastwood Hill', 'Ełk', '19-305', 'Poland'),
	('1 Bobwhite Way', 'Kluczbork', '46-203', 'Poland'),
	('95 Starling Street', 'Nowe', '99-333', 'Poland'),
	('18755 Doe Crossing Trail', 'Wąbrzeźno', '87-201', 'Poland'),
	('32611 Shasta Circle', 'Dębe Wielkie', '05-311', 'Poland'),
	('427 Clyde Gallagher Pass', 'Sztum', '82-400', 'Poland'),
	('973 Lien Crossing', 'Sonina', '37-112', 'Poland'),
	('01 Washington Drive', 'Wieczfnia Kościelna', '06-513', 'Poland'),
	('74806 Bay Center', 'Mirów', '53-402', 'Poland'),
	('64782 Hermina Street', 'Piastów', '05-820', 'Poland'),
	('0955 Lotheville Parkway', 'Pleszew', '63-301', 'Poland'),
	('06545 Upham Crossing', 'Tarnowskie Góry', '42-680', 'Poland'),
	('99 Amoth Alley', 'Kowale Oleckie', '19-420', 'Poland'),
	('8175 Pierstorff Plaza', 'Trablice', '90-557', 'Poland'),
	('86007 Briar Crest Park', 'Ozimek', '46-040', 'Poland'),
	('1962 Chinook Alley', 'Rokietnica', '62-090', 'Poland'),
	('36 Maple Place', 'Mirsk', '59-630', 'Poland'),
	('95 Esker Lane', 'Zebrzydowice', '43-410', 'Poland'),
	('21 Harbort Road', 'Krzeszów', '58-405', 'Poland'),
	('2 Merchant Hill', 'Łęczyce', '84-218', 'Poland'),
	('68 Pawling Alley', 'Świecie', '86-105', 'Poland'),
	('74292 Randy Road', 'Stoczek', '07-104', 'Poland'),
	('95 Blackbird Circle', 'Mnich', '43-523', 'Poland'),
	('6 Loftsgordon Point', 'Złotniki', '38-300', 'Poland'),
	('509 North Avenue', 'Korsze', '11-430', 'Poland'),
	('0366 Sunbrook Hill', 'Ząbkowice Śląskie', '57-201', 'Poland'),
	('48003 School Circle', 'Pęczniew', '99-235', 'Poland'),
	('3 Spenser Trail', 'Niedrzwica Duża', '24-220', 'Poland'),
	('339 Red Cloud Road', 'Pilzno', '39-220', 'Poland'),
	('3 Pine View Trail', 'Trzebieszów', '21-404', 'Poland'),
	('858 Pleasure Point', 'Besko', '38-524', 'Poland'),
	('69 Mandrake Way', 'Mirocin', '37-565', 'Poland'),
	('62831 Haas Drive', 'Paprotnia', '08-107', 'Poland'),
	('737 Warrior Park', 'Chotcza', '81-035', 'Poland'),
	('21 Fairfield Center', 'Czarna', '39-215', 'Poland'),
	('3083 Cody Road', 'Nakło nad Notecią', '61-710', 'Poland'),
	('1 Gulseth Park', 'Augustów', '16-303', 'Poland'),
	('87106 International Terrace', 'Lubochnia', '97-217', 'Poland'),
	('38 Doe Crossing Alley', 'Bielsk Podlaski', '17-102', 'Poland'),
	('5097 8th Point', 'Michałów', '28-411', 'Poland'),
	('3 Alpine Place', 'Zawichost', '27-630', 'Poland'),
	('29184 Main Drive', 'Uherce Mineralne', '85-156', 'Poland'),
	('60558 Warner Park', 'Klenica', '66-130', 'Poland'),
	('9069 Dennis Crossing', 'Nowy Dwór Gdański', '82-100', 'Poland'),
	('543 Susan Place', 'Raszczyce', '47-435', 'Poland'),
	('4333 Canary Plaza', 'Kcynia', '89-240', 'Poland'),
	('2572 Kenwood Place', 'Suwałki', '16-433', 'Poland'),
	('0 Hollow Ridge Hill', 'Kostrzyn nad Odrą', '66-470', 'Poland'),
	('38 Pankratz Drive', 'Zwierzyniec', '22-470', 'Poland'),
	('1 Ridge Oak Center', 'Wąpielsk', '87-337', 'Poland'),
	('95 Sunnyside Avenue', 'Rydzyna', '64-130', 'Poland'),
	('8 Cambridge Point', 'Wysoka', '89-320', 'Poland'),
	('3 Acker Lane', 'Wierzbica', '26-680', 'Poland'),
	('48444 Thierer Pass', 'Jasieniec', '05-604', 'Poland'),
	('27 Dovetail Avenue', 'Ostroróg', '02-072', 'Poland'),
	('1284 Dovetail Place', 'Nieborów', '99-416', 'Poland'),
	('082 Emmet Pass', 'Obsza', '23-413', 'Poland'),
	('3094 Sachtjen Crossing', 'Daleszyce', '26-021', 'Poland'),
	('53372 Donald Avenue', 'Kutno', '93-524', 'Poland'),
	('441 Corben Center', 'Gąbin', '09-530', 'Poland'),
	('59 Jackson Park', 'Lipce Reymontowskie', '96-127', 'Poland'),
	('454 Ronald Regan Pass', 'Kramsk', '62-511', 'Poland'),
	('7777 Loftsgordon Junction', 'Trawniki', '21-044', 'Poland'),
	('16 Columbus Way', 'Bydgoszcz', '85-980', 'Poland'),
	('31 Knutson Hill', 'Wola Jachowa', '01-943', 'Poland'),
	('77 Shopko Road', 'Kunów', '27-415', 'Poland'),
	('87 Magdeline Center', 'Rogowo', '88-420', 'Poland'),
	('914 Oak Point', 'Pyzdry', '62-310', 'Poland'),
	('18568 Sheridan Trail', 'Gostyń', '63-816', 'Poland'),
	('53044 Towne Way', 'Radom', '26-640', 'Poland'),
	('03 Declaration Drive', 'Książki', '87-222', 'Poland'),
	('22342 Starling Trail', 'Świeradów-Zdrój', '59-852', 'Poland'),
	('86 Ilene Place', 'Kowale Oleckie', '19-420', 'Poland'),
	('4 Surrey Park', 'Świecie', '86-105', 'Poland'),
	('02 Chive Hill', 'Zakroczym', '05-170', 'Poland'),
	('2812 Swallow Park', 'Łaskarzew', '08-450', 'Poland'),
	('67974 Mifflin Lane', 'Czeremcha', '17-240', 'Poland'),
	('217 Northfield Street', 'Wyszki', '17-132', 'Poland'),
	('95 Bunting Parkway', 'Białołeka', '05-094', 'Poland'),
	('802 Walton Way', 'Czernice Borowe', '06-415', 'Poland'),
	('94 Waywood Lane', 'Olszówka', '62-641', 'Poland'),
	('8939 Marcy Trail', 'Milówka', '34-360', 'Poland'),
	('06 Merry Trail', 'Kamieniec Ząbkowicki', '57-230', 'Poland'),
	('83 Meadow Vale Lane', 'Chojnów', '59-225', 'Poland'),
	('2 Manufacturers Street', 'Limanowa', '34-651', 'Poland'),
	('08585 Express Pass', 'Stryków', '95-010', 'Poland'),
	('3971 Lotheville Street', 'Jeżów Sudecki', '58-521', 'Poland'),
	('9 Upham Trail', 'Korsze', '11-430', 'Poland'),
	('47 Gina Street', 'Czemierniki', '21-306', 'Poland'),
	('849 Pearson Alley', 'Jakubowice Murowane', '21-003', 'Poland'),
	('31 Burrows Terrace', 'Wohyń', '21-310', 'Poland'),
	('9 Shelley Plaza', 'Bojadła', '66-130', 'Poland'),
	('8323 Ridgeway Way', 'Wiskitki', '96-315', 'Poland'),
	('4545 New Castle Plaza', 'Wielka Nieszawka', '87-165', 'Poland'),
	('7 Susan Crossing', 'Raciąż', '09-140', 'Poland'),
	('201 Carpenter Place', 'Skwierzyna', '66-440', 'Poland'),
	('26 North Trail', 'Przodkowo', '83-304', 'Poland'),
	('023 Roth Street', 'Drohiczyn', '17-312', 'Poland'),
	('1765 Farmco Trail', 'Rogóźno', '86-318', 'Poland'),
	('129 Kedzie Point', 'Kępie Żaleszańskie', '39-410', 'Poland'),
	('3842 Pepper Wood Crossing', 'Nowy Dwór Gdański', '82-100', 'Poland'),
	('12 Duke Plaza', 'Olesno', '46-300', 'Poland'),
	('7754 Artisan Point', 'Tuchów', '33-170', 'Poland'),
	('521 Monterey Lane', 'Gorzyce', '88-405', 'Poland'),
	('8107 Forster Lane', 'Wolin', '72-510', 'Poland'),
	('3644 Upham Place', 'Kórnik', '62-035', 'Poland'),
	('6893 Crescent Oaks Terrace', 'Lelkowo', '14-521', 'Poland'),
	('9 Fisk Hill', 'Ornontowice', '43-178', 'Poland'),
	('8 Dixon Crossing', 'Wińsko', '56-160', 'Poland'),
	('7225 Oneill Hill', 'Lipnik', '27-540', 'Poland'),
	('006 Toban Pass', 'Legionowo', '05-122', 'Poland'),
	('5490 Nevada Lane', 'Czeremcha', '17-240', 'Poland'),
	('0662 Clemons Court', 'Sulechów', '66-101', 'Poland');

INSERT INTO customer VALUES
	 (201, 'Liana', 'Disbury', 1, '46-(678)923-4664', 'ldisbury0@alexa.com', '1972-10-19', null),
	 (202, 'Reta', 'Kensitt', 2, '86-(965)610-5753', 'rkensitt1@scribd.com', '1983-01-04', null),
	 (203, 'Early', 'Yewman', 3, '297-(996)782-2729', 'eyewman2@google.com.au', '1967-01-26', '3542367783416'),
	 (204, 'Peta', 'Goulden', 4, '691-(920)870-6544', 'pgoulden3@cnet.com', '1961-04-29', '35624582761'),
	 (205, 'Dorotea', 'Nuscha', 5, '55-(437)275-2355', 'dnuscha4@elpais.com', '1974-06-09', '3560542456'),
	 (206, 'Othello', 'Dowdney', 6, '48-(213)567-7918', 'odowdney5@shinystat.com', '1961-08-27', '35689685'),
	 (207, 'Mikael', 'Slucock', 7, '967-(490)326-1967', 'mslucock6@bigcartel.com', '1999-12-20', '4041713531'),
	 (208, 'Hobey', 'McGrudder', 8, '420-(515)876-5725', 'hmcgrudder7@creativecommons.org', '1967-04-27', '35827330687'),
	 (209, 'Erie', 'Oxbrough', 9, '86-(719)262-9905', 'eoxbrough8@reuters.com', '1976-02-16', '0607629'),
	 (210, 'Peggie', 'Tennock', 10, '48-(158)601-1638', 'ptennock9@cnbc.com', '1992-11-19', '201505489'),
	 (211, 'Justus', 'Golde', 11, '63-(184)485-6858', 'jgoldea@upenn.edu', '1983-05-28', '4041372'),
	 (212, 'Wait', 'Goodlad', 12, '86-(814)201-3615', 'wgoodladb@illinois.edu', '1976-07-03', '374233560'),
	 (213, 'Coleman', 'Murney', 13, '234-(608)896-2281', 'cmurneyc@wsj.com', '1967-05-27', '41750026286'),
	 (214, 'Druci', 'Oldacres', 14, '380-(876)908-3610', 'doldacresd@behance.net', '1991-12-28', '3546654763'),
	 (215, 'Tabbatha', 'Kerswill', 15, '7-(209)143-2916', 'tkerswille@omniture.com', '1963-11-25', '63711759252'),
	 (216, 'Alva', 'Ambrosi', 16, '62-(363)580-4086', 'aambrosif@newyorker.com', '1981-11-27', '356903210'),
	 (217, 'Leonidas', 'Harg', 17, '30-(210)807-1465', 'lhargg@domainmarket.com', '1985-10-03', null),
	 (218, 'Benita', 'O'' Donohoe', 18, '7-(196)592-5843', 'bodonohoeh@about.me', '1973-10-11', '357669187844'),
	 (219, 'Ronalda', 'Schultz', 19, '86-(916)392-8893', 'rschultzi@alexa.com', '1969-07-16', '404137479938'),
	 (220, 'Jessalyn', 'Sapwell', 20, '1-(505)345-4933', 'jsapwellj@jalbum.net', '1994-09-10', '37989004257'),
	 (221, 'Fredric', 'Goroni', 21, '48-(548)333-6273', 'fgoronik@washington.edu', '1963-08-04', '352866363729'),
	 (222, 'Drud', 'WEerdenburg', 22, '86-(155)994-6726', 'dweerdenburgl@edublogs.org', '1991-02-11', '206900134'),
	 (223, 'Zuzana', 'Coleby', 23, '86-(600)584-8115', 'zcolebym@spotify.com', '1968-09-05', '56022931'),
	 (224, 'Devland', 'Tomaszczyk', 24, '222-(678)648-3943', 'dtomaszczykn@prweb.com', '1963-03-10', '491312496'),
	 (225, 'Ed', 'Daniele', 25, '86-(920)592-8376', 'edanieleo@google.com.br', '1997-06-07', '5602262341953'),
	 (226, 'Teddie', 'Bentzen', 26, '234-(305)529-0789', 'tbentzenp@shutterfly.com', '1962-10-07', null),
	 (227, 'Monica', 'Deacock', 27, '27-(581)680-1632', 'mdeacockq@cargocollective.com', '1986-07-15', '5610058045954'),
	 (228, 'Jody', 'Naulty', 28, '55-(643)609-2800', 'jnaultyr@google.it', '1970-07-05', '353143488'),
	 (229, 'Urbain', 'Haddacks', 29, '359-(963)864-7996', 'uhaddackss@opera.com', '1995-03-30', '30171710'),
	 (230, 'Wilhelmine', 'Wandrack', 30, '62-(440)431-8018', 'wwandrackt@cyberchimps.com', '1964-11-10', '30547645751375'),
	 (231, 'Killian', 'Brophy', 31, '84-(538)931-0816', 'kbrophyu@gnu.org', '1992-05-10', '484431201252'),
	 (232, 'Cristina', 'Langthorn', 32, '351-(965)838-8043', 'clangthornv@nih.gov', '1961-11-19', '3590961114'),
	 (233, 'Jonell', 'Belhomme', 33, '30-(690)886-4748', 'jbelhommew@tumblr.com', '1978-03-18', '3562608399936'),
	 (234, 'Hadrian', 'Keat', 34, '507-(447)827-2810', 'hkeatx@latimes.com', '1977-05-10', '493695830328'),
	 (235, 'Delphinia', 'Sanpher', 35, '420-(148)483-4868', 'dsanphery@liveinternet.ru', '1961-10-03', '5042312839'),
	 (236, 'Jerrome', 'Whitlaw', 36, '86-(750)653-6804', 'jwhitlawz@macromedia.com', '1997-09-18', '3535306731'),
	 (237, 'Fidelity', 'Orts', 37, '62-(806)495-4616', 'forts10@rakuten.co.jp', '1988-01-25', null),
	 (238, 'Ravi', 'O''Noulane', 38, '62-(671)828-2643', 'ronoulane11@vimeo.com', '1973-05-28', null),
	 (239, 'Chiquia', 'Hartus', 39, '63-(757)181-6400', 'chartus12@baidu.com', '1991-07-10', '3583466198'),
	 (240, 'Boniface', 'Sapsford', 40, '503-(984)465-8616', 'bsapsford13@linkedin.com', '1989-03-13', '35284236702'),
	 (241, 'Marven', 'Askaw', 41, '62-(872)345-2942', 'maskaw14@instagram.com', '1981-06-11', '35419860'),
	 (242, 'Berrie', 'Bauman', 42, '86-(488)298-8382', 'bbauman15@fc2.com', '1991-08-10', null),
	 (243, 'Stormi', 'Bayldon', 43, '48-(889)703-5401', 'sbayldon16@cloudflare.com', '1963-07-03', '358398496602'),
	 (244, 'Marvin', 'Itzcovichch', 44, '33-(462)794-9728', 'mitzcovichch17@narod.ru', '1996-03-25', '56109709857'),
	 (245, 'Fraze', 'Drinkhall', 45, '41-(940)880-0115', 'fdrinkhall18@ca.gov', '1986-01-26', '630416618307'),
	 (246, 'Pollyanna', 'Lathaye', 46, '86-(430)698-4461', 'plathaye19@github.io', '1990-11-03', '3535641569904'),
	 (247, 'Lem', 'Skillern', 47, '354-(163)419-4622', 'lskillern1a@wufoo.com', '1998-12-15', null),
	 (248, 'Davita', 'Oldknow', 48, '81-(345)652-8743', 'doldknow1b@accuweather.com', '1989-04-30', '35680459707560'),
	 (249, 'Rufe', 'Pavolini', 49, '255-(334)333-0395', 'rpavolini1c@reference.com', '2000-06-09', '6331586954723'),
	 (250, 'Kerrie', 'Sarre', 50, '977-(513)169-1480', 'ksarre1d@sogou.com', '1993-08-16', '358251431801'),
	 (251, 'Jennifer', 'Aksell', 51, '86-(559)846-8672', 'jaksell1e@etsy.com', '1989-10-25', '374283167623867'),
	 (252, 'Rosemary', 'Crumbie', 52, '62-(306)780-8416', 'rcrumbie1f@nbcnews.com', '1977-12-31', '6396852525218130'),
	 (253, 'Radcliffe', 'De Few', 53, '55-(755)193-2890', 'rdefew1g@webeden.co.uk', '1977-01-19', '5602247669475954'),
	 (254, 'Roland', 'Fynes', 54, '34-(912)592-1367', 'rfynes1h@dropbox.com', '1967-12-25', '201971822612247'),
	 (255, 'Farlee', 'Ranken', 55, '62-(657)237-3328', 'franken1i@engadget.com', '1961-10-30', null),
	 (256, 'Ninnetta', 'Piner', 56, '62-(456)915-5970', 'npiner1j@dyndns.org', '1961-08-28', '3539795301755061'),
	 (257, 'Kaspar', 'Aldcorn', 57, '48-(363)715-6142', 'kaldcorn1k@vinaora.com', '1986-11-04', null),
	 (258, 'Herve', 'Pedracci', 58, '371-(994)379-7108', 'hpedracci1l@shinystat.com', '1988-06-09', '3550244550007159'),
	 (259, 'Ernie', 'Olford', 59, '86-(292)113-3732', 'eolford1m@businessinsider.com', '1979-08-25', '67715597606181337'),
	 (260, 'Rhea', 'Osgerby', 60, '386-(228)794-0589', 'rosgerby1n@wufoo.com', '1986-05-10', '3530214120645080'),
	 (261, 'Karlyn', 'Dawidowitz', 61, '86-(681)110-2981', 'kdawidowitz1o@mozilla.com', '1977-08-09', '3534117442411600'),
	 (262, 'Olva', 'Pitcher', 62, '84-(695)511-9428', 'opitcher1p@icq.com', '1998-06-27', '5002353626553895'),
	 (263, 'Abbey', 'MErcy', 63, '86-(735)543-6923', 'amercy1q@disqus.com', '1996-09-01', '3545292332124527'),
	 (264, 'Rora', 'Whewell', 64, '81-(874)581-4856', 'rwhewell1r@people.com.cn', '1996-02-23', null),
	 (265, 'Gladys', 'Bimson', 65, '54-(957)499-8803', 'gbimson1s@gov.uk', '1961-02-28', '3579959632245199'),
	 (266, 'Zaccaria', 'Brickhill', 66, '86-(411)150-7534', 'zbrickhill1t@squidoo.com', '1963-02-08', null),
	 (267, 'Ira', 'Howard', 67, '251-(911)895-6897', 'ihoward1u@apple.com', '1968-12-15', '50186090218280164'),
	 (268, 'Brockie', 'Juszkiewicz', 68, '46-(149)541-0406', 'bjuszkiewicz1v@typepad.com', '1977-03-08', '3575136882563787'),
	 (269, 'Raddie', 'Asher', 69, '20-(286)411-9675', 'rasher1w@nba.com', '1982-04-13', '5010126859958373'),
	 (270, 'Aldous', 'Brennenstuhl', 70, '57-(589)913-8711', 'abrennenstuhl1x@discuz.net', '1984-10-10', '3566955888961450'),
	 (271, 'Anson', 'Leivesley', 71, '62-(825)251-8588', 'aleivesley1y@marketwatch.com', '1964-03-19', null),
	 (272, 'Tani', 'Peacocke', 72, '82-(921)305-4332', 'tpeacocke1z@mac.com', '1995-10-11', '5583754689729008'),
	 (273, 'Marquita', 'Gierek', 73, '63-(438)769-1903', 'mgierek20@walmart.com', '1992-04-11', '5602243614133418'),
	 (274, 'Denys', 'Nail', 74, '46-(653)421-9234', 'dnail21@clickbank.net', '1961-01-19', '3540121753379697'),
	 (275, 'Claretta', 'Belly', 75, '358-(188)397-9142', 'cbelly22@chron.com', null, '675942884132015303'),
	 (276, 'Averell', 'Chiplen', 76, '30-(976)612-8782', 'achiplen23@ucla.edu', '1997-07-22', null),
	 (277, 'Nanete', 'Clempton', 77, '850-(184)103-4942', 'nclempton24@twitter.com', '1996-11-21', '3540209495446591'),
	 (278, 'Christabel', 'Lempenny', 78, '46-(181)748-6946', 'clempenny25@ucoz.ru', '1979-12-07', '4175006425841655'),
	 (279, 'Justino', 'Klugman', 79, '30-(133)302-3038', 'jklugman26@g.co', '1964-04-01', '6767302688962448'),
	 (280, 'Romona', 'Charman', 80, '7-(253)337-5054', 'rcharman27@google.fr', '1983-05-16', null),
	 (281, 'Joby', 'Daily', 81, '86-(610)512-2567', 'jdaily28@github.com', '1980-10-28', '5100172097097922'),
	 (282, 'Godard', 'Alejandri', 82, '7-(381)403-9164', 'galejandri29@ebay.com', '1967-05-14', '5459799358330829'),
	 (283, 'Lorianne', 'Moniker', 83, '992-(180)114-0124', 'lmoniker2a@epa.gov', '1969-10-10', null),
	 (284, 'Jdavie', 'Lacasa', 84, '353-(342)740-0173', 'jlacasa2b@bbb.org', '1969-10-29', '3574705923216513'),
	 (285, 'Hurley', 'Haycox', 85, '351-(473)286-9002', 'hhaycox2c@house.gov', '1997-07-24', '374428738560599'),
	 (286, 'Trevor', 'Lenglet', 86, '81-(244)148-8372', 'tlenglet2d@latimes.com', '1973-05-25', '374288323316629'),
	 (287, 'Bearnard', 'Lyst', 87, '63-(661)509-0840', 'blyst2e@i2i.jp', '1961-07-20', '3574318799094921'),
	 (288, 'Philippine', 'Gregoire', 88, '62-(446)291-3353', 'pgregoire2f@jigsy.com', '1986-06-28', '201610245348522'),
	 (289, 'Kris', 'Tuft', 89, '86-(863)445-0905', 'ktuft2g@mac.com', '1987-06-11', '6380079107231764'),
	 (290, 'Rosanna', 'Le Conte', 90, '86-(360)985-2723', 'rleconte2h@elpais.com', '1998-08-10', '36511797184045'),
	 (291, 'Evaleen', 'Gasnell', 91, '86-(171)777-5472', 'egasnell2i@cnet.com', '1961-05-22', '4041593177017'),
	 (292, 'Bobbie', 'Gadaud', 92, '62-(861)112-4951', 'bgadaud2j@admin.ch', '1967-05-22', null),
	 (293, 'Tobit', 'Escreet', 93, '62-(879)586-2103', 'tescreet2k@printfriendly.com', '1973-08-28', '5226230761710235'),
	 (294, 'Clarence', 'Sketcher', 94, '351-(954)277-4109', 'csketcher2l@businessinsider.com', '1991-09-15', null),
	 (295, 'June', 'Jowsey', 95, '385-(467)634-4845', 'jjowsey2m@topsy.com', null, '490332074959424869'),
	 (296, 'Floyd', 'Noyes', 96, '86-(990)588-0532', 'fnoyes2n@bizjournals.com', '1992-03-30', '5602219342159206'),
	 (297, 'Dalila', 'Jahn', 97, '63-(811)340-0343', 'djahn2o@ovh.net', '1977-10-10', '6378323403929745'),
	 (298, 'Engelbert', 'Berka', 98, '7-(739)307-6720', 'eberka2p@bloomberg.com', '1965-11-28', '5641826952030300172'),
	 (299, 'Hattie', 'Netley', 99, '261-(141)272-0018', 'hnetley2q@1688.com', '1993-09-07', null),
	 (300, 'Billie', 'Fairy', 100, '86-(684)470-1764', 'bfairy2r@posterous.com', '1968-03-08', null);

INSERT INTO branch (address_id, phone, email) VALUES 
	(151, '995-(215)625', 'cmacness0@shareasale.com'),
	(152, '33-(701)917', 'mkunrad1@flavors.me'),
	(153, '86-(809)691', 'lceschi2@goo.gl'),
	(154, '86-(282)990', 'sgadie3@gnu.org'),
	(155, '48-(580)746', 'mlambol4@oaic.gov.au'),
	(156, '86-(414)152', 'siannazzi5@noaa.gov'),
	(157, '62-(356)373', 'ahlavecek6@examiner.com'),
	(158, '48-(452)874', 'psacchetti7@cbc.ca'),
	(159, '86-(464)785', 'ggillion8@google.es'),
	(160, '227-(199)123', 'plambswood9@bluehost.com'),
	(161, '63-(903)951', 'owellera@ucoz.ru'),
	(162, '63-(253)965', 'fbasiliob@cbsnews.com');

INSERT INTO employee (branch_id, work_position, first_name, surname, address_id, date_of_birth) VALUES 
	(4, 'salesman', 'Elenore', 'Foukx', 115, '1994-07-13'),
	(2, 'manager', 'Arie', 'Stockoe', 116, '1993-08-06'),
	(11, 'salesman', 'Charla', 'Di Claudio', 117, '1960-02-12'),
	(10, 'salesman', 'Lorenzo', 'MacKim', 118, '1987-07-12'),
	(4, 'salesman', 'Garnette', 'Garstan', 119, '1968-05-25'),
	(11, 'salesman', 'Chauncey', 'Capstick', 120, '1985-09-05'),
	(3, 'salesman', 'Christa', 'Malloch', 121, '1951-04-16'),
	(5, 'salesman', 'REena', 'Hillock', 122, '1960-07-12'),
	(11, 'salesman', 'Lexie', 'Dudny', 123, '1973-07-21'),
	(6, 'bookkeeper', 'Tammie', 'McKinnon', 124, '1989-06-13'),
	(1, 'salesman', 'Millisent', 'Giacomi', 125, '1993-02-27'),
	(8, 'salesman', 'Abel', 'McLucky', 126, '1977-08-10'),
	(8, 'manager', 'Antonetta', 'Kmiec', 127, '1976-10-26'),
	(8, 'salesman', 'Kelwin', 'Layland', 128, '1954-10-26'),
	(12, 'salesman', 'Casper', 'Ketteman', 129, '1963-10-09'),
	(12, 'bookkeeper', 'Mirelle', 'Rennison', 130, '1970-08-10'),
	(6, 'salesman', 'Lonni', 'Seaborne', 131, '1989-02-22');
    
INSERT INTO car (kind, brand, production_year, horse_power, color, engine_displacement, km_travelled) VALUES 
	('Arnage', 'Bentley', 2009, 134, 'Aquamarine', 3.0, 129274),
	('SC', 'Lexus', 1994, 90, 'Aquamarine', 2.8, 222564),
	('Laser', 'Ford', 1984, 86, 'Orange', 1.9, 254799),
	('tC', 'Scion', 2007, 129, 'Red', 2.3, 291222),
	('740', 'Volvo', 1992, 61, 'Puce', 1.6, 318063),
	('Tacoma Xtra', 'Toyota', 1996, 100, 'Green', 1.2, 174872),
	('B-Series', 'Mazda', 2000, 103, 'Crimson', 2.6, 186317),
	('F150', 'Ford', 2012, 120, 'Green', 2.3, 201222),
	('M3', 'BMW', 1996, 101, 'Yellow', 2.5, 276204),
	('X3', 'BMW', 2006, 97, 'Red', 1.7, 308664),
	('Thunderbird', 'Ford', 1972, 65, 'Maroon', 1.0, 154009),
	('CR-V', 'Honda', 2010, 85, 'Violet', 1.3, 291080),
	('Grand Prix', 'Pontiac', 1994, 125, 'Yellow', 1.9, 200973),
	('911', 'Porsche', 1992, 73, 'Red', 1.7, 185741),
	('Tundra', 'Toyota', 2002, 70, 'Red', 2.8, 168432),
	('LeSabre', 'Buick', 1992, 142, 'Maroon', 1.1, 297971),
	('S80', 'Volvo', 2001, 103, 'Yellow', 1.8, 177587),
	('Discovery', 'Land Rover', 1996, 69, 'Green', 1.6, 152137),
	('Eldorado', 'Cadillac', 1993, 149, 'Teal', 2.5, 131076),
	('V50', 'Volvo', 2007, 67, 'Maroon', 1.8, 231373),
	('S-Type', 'Jaguar', 2000, 146, 'Orange', 1.4, 285023),
	('Talon', 'Eagle', 1990, 119, 'Maroon', 1.8, 100760),
	('Fiero', 'Pontiac', 1984, 153, 'Aquamarine', 2.7, 274366),
	('Amigo', 'Isuzu', 1998, 153, 'Fuscia', 1.4, 220077),
	('G35', 'Infiniti', 2003, 147, 'Maroon', 1.8, 205948),
	('Cherokee', 'Jeep', 1997, 137, 'Violet', 2.1, 259990),
	('Blazer', 'Chevrolet', 1996, 83, 'Puce', 1.3, 274290),
	('Venture', 'Chevrolet', 1997, 77, 'Yellow', 1.9, 212525),
	('Firebird', 'Pontiac', 1994, 110, 'Green', 2.5, 126571),
	('Quest', 'Nissan', 1997, 153, 'Purple', 1.3, 104174),
	('Lumina APV', 'Chevrolet', 1992, 125, 'Crimson', 1.5, 212532),
	('Quest', 'Nissan', 2012, 124, 'Crimson', 2.9, 268395),
	('Terrain', 'GMC', 2012, 154, 'Orange', 1.5, 124610),
	('Mustang', 'Ford', 1983, 104, 'Goldenrod', 1.4, 174490),
	('i-MiEV', 'Mitsubishi', 2012, 147, 'Green', 1.4, 202673),
	('5000CS', 'Audi', 1988, 98, 'Turquoise', 2.1, 310118),
	('Rio', 'Kia', 2005, 125, 'Goldenrod', 1.0, 184160),
	('EX', 'Infiniti', 2010, 148, 'Mauv', 1.2, 285473),
	('Ram 2500', 'Dodge', 2007, 129, 'Red', 3.0, 314961),
	('Odyssey', 'Honda', 2008, 64, 'Maroon', 2.2, 102577),
	('ES', 'Lexus', 2010, 124, 'Violet', 1.4, 251431),
	('S40', 'Volvo', 2011, 144, 'Orange', 2.3, 330276),
	('F150', 'Ford', 1995, 88, 'Indigo', 1.9, 257458),
	('Amigo', 'Isuzu', 1998, 143, 'Maroon', 2.2, 281194),
	('911', 'Porsche', 1994, 117, 'Pink', 2.3, 228267),
	('Esteem', 'Suzuki', 1997, 74, 'Pink', 1.1, 323021),
	('G-Class', 'Mercedes-Benz', 2007, 138, 'Crimson', 1.9, 179097),
	('NV3500', 'Nissan', 2012, 144, 'Mauv', 2.4, 267554),
	('Liberty', 'Jeep', 2003, 140, 'Teal', 1.9, 217947),
	('Cayman', 'Porsche', 2006, 157, 'Mauv', 1.3, 317963);

INSERT INTO car2employee VALUES
	 (501, 3, 25, '2017-05-01', '2017-06-06'),
	 (502, 4, 45, '2016-07-19', '2017-05-01'),
	 (503, 8, 20, '2017-07-23', '2017-08-03'),
	 (504, 9, 18, '2017-07-13', null),
	 (505, 8, 21, '2016-07-28', null),
	 (506, 6, 15, '2017-07-12', null),
	 (507, 7, 34, '2017-05-12', '2017-06-18'),
	 (508, 3, 29, '2017-01-11', null),
	 (509, 4, 24, '2017-03-31', '2017-06-24'),
	 (510, 2, 21, '2016-08-24', '2017-05-28'),
	 (511, 4, 26, '2017-06-08', null),
	 (512, 8, 37, '2016-10-16', null),
	 (513, 8, 43, '2016-09-27', null),
	 (514, 2, 28, '2017-05-15', null),
	 (515, 8, 19, '2017-06-03', '2017-07-17'),
	 (516, 10, 23, '2016-09-14', '2017-01-05'),
	 (517, 3, 21, '2016-12-22', null),
	 (518, 4, 48, '2016-12-12', '2017-06-19'),
	 (519, 6, 36, '2017-07-19', '2017-07-20'),
	 (520, 6, 44, '2017-06-08', '2017-07-13'),
	 (521, 7, 44, '2016-08-20', '2016-11-13'),
	 (522, 9, 9, '2016-07-06', '2016-10-24'),
	 (523, 9, 23, '2016-07-25', '2017-03-21'),
	 (524, 5, 7, '2017-01-16', null),
	 (525, 5, 7, '2016-07-09', '2016-07-31'),
	 (526, 7, 38, '2017-04-04', '2017-04-24'),
	 (527, 8, 44, '2016-10-16', '2017-04-08'),
	 (528, 8, 3, '2017-01-23', '2017-08-03' ),
	 (529, 2, 7, '2017-03-16', '2017-07-22'),
	 (530, 2, 5, '2016-10-08', '2017-05-20'),
	 (531, 2, 45, '2016-10-10', '2017-03-14'),
	 (532, 2, 40, '2016-12-24', '2017-04-01'),
	 (533, 7, 35, '2017-07-25', '2017-08-05'),
	 (534, 8, 41, '2016-09-10', '2017-03-05'),
	 (535, 7, 6, '2017-01-26', '2017-04-22' ),
	 (536, 4, 11, '2017-02-07', '2017-06-16'),
	 (537, 8, 14, '2016-11-22', '2017-04-09'),
	 (538, 6, 2, '2017-03-24', null),
	 (539, 2, 22, '2017-05-04', '2017-06-02'),
	 (540, 6, 19, '2017-05-19', null),
	 (541, 6, 16, '2016-12-05', null),
	 (542, 1, 18, '2016-09-02', null),
	 (543, 2, 31, '2016-10-09', null),
	 (544, 1, 6, '2017-02-05', '2017-04-11'),
	 (545, 3, 1, '2017-04-12', '2017-07-21'),
	 (546, 7, 8, '2017-07-11', null),
	 (547, 4, 20, '2017-06-10', null),
	 (548, 6, 25, '2017-01-27', null),
	 (549, 4, 34, '2017-01-22', '2017-02-04'),
	 (550, 5, 46, '2016-09-18', '2017-06-09'),
	 (551, 10, 1, '2017-03-31', null),
	 (552, 10, 6, '2016-07-29', '2017-01-29'),
	 (553, 7, 2, '2017-05-17', '2017-06-30'),
	 (554, 1, 13, '2017-07-14', '2017-07-18'),
	 (555, 3, 37, '2017-04-24', '2017-05-08'),
	 (556, 5, 7, '2016-07-05', '2016-10-20'),
	 (557, 10, 4, '2016-10-29', null),
	 (558, 4, 12, '2016-07-06', null),
	 (559, 2, 13, '2017-07-05', null),
	 (560, 6, 35, '2017-01-24', '2017-07-08');

INSERT INTO rental_transaction (customer_id, employee_id, car_id, date_from, date_to, amount_in_PLN, branch_from, branch_to) VALUES
	 (219,11,11,'2017-03-01','2017-03-03',1010,9,8),
	 (210,9,37,'2016-12-02','2016-12-05',1180,3,1),
	 (264,6,36,'2017-06-08','2017-06-28',590,11,1),
	 (271,9,26,'2017-07-03','2017-07-06',1040,7,8),
	 (255,8,1,'2016-09-14','2016-09-20',1630,4,6),
	 (283,12,41,'2017-03-08','2017-03-19',1390,10,2),
	 (295,4,26,'2017-08-02','2017-08-10',1310,1,3),
	 (208,1,24,'2017-04-14','2017-04-19',990,11,5),
	 (229,13,8,'2016-11-10','2016-11-23',260,10,4),
	 (259,3,29,'2016-08-19','2016-09-09',1430,6,2),
	 (226,9,19,'2017-03-10','2017-03-12',1490,1,12),
	 (298,5,30,'2017-03-24','2017-04-08',1490,4,6),
	 (269,16,12,'2017-05-21','2017-06-03',1680,2,4),
	 (206,6,36,'2017-06-07','2017-06-17',1270,10,9),
	 (246,17,50,'2016-09-14','2016-09-14',1560,8,10),
	 (249,10,6,'2017-05-12','2017-06-01',340,5,4),
	 (225,17,18,'2017-02-01','2017-02-02',450,9,3),
	 (284,4,35,'2017-02-14','2017-02-28',680,12,5),
	 (205,13,8,'2016-09-13','2016-09-27',1950,8,1),
	 (287,8,14,'2016-12-25','2017-01-10',1400,11,11),
	 (246,9,49,'2017-03-19','2017-04-01',940,8,6),
	 (277,10,9,'2016-10-30','2016-11-04',1100,7,11),
	 (260,16,27,'2016-08-11','2016-09-01',540,3,4),
	 (227,14,29,'2016-12-24','2017-01-10',1730,6,8),
	 (227,14,45,'2017-02-02','2017-02-13',1020,4,7),
	 (243,16,18,'2017-03-20','2017-03-26',580,7,12),
	 (222,6,6,'2016-08-29','2016-08-30',1800,5,7),
	 (266,15,25,'2016-10-28','2016-10-29',2000,9,6),
	 (251,7,27,'2017-04-01','2017-04-17',1570,4,4),
	 (201,1,2,'2016-11-18','2016-11-18',1870,9,8),
	 (251,1,4,'2017-07-16','2017-07-18',1460,10,4),
	 (288,15,27,'2016-08-17','2016-08-21',1810,2,11),
	 (235,8,45,'2017-04-20','2017-05-10',520,6,7),
	 (211,17,10,'2017-02-26','2017-03-05',400,11,3),
	 (258,6,26,'2016-12-22','2016-12-29',1460,8,1),
	 (299,1,21,'2016-11-04','2016-11-25',210,9,2),
	 (205,4,4,'2017-02-11','2017-03-02',1580,10,3),
	 (278,17,11,'2016-10-17','2016-10-28',1930,6,5),
	 (222,15,34,'2017-03-12','2017-03-25',280,4,5),
	 (256,16,3,'2016-10-12','2016-10-29',320,5,11),
	 (278,10,15,'2017-05-23','2017-06-01',2000,1,7),
	 (245,5,3,'2016-09-03','2016-09-17',680,12,9),
	 (231,15,48,'2017-04-11','2017-04-26',150,1,6),
	 (270,14,2,'2017-06-22','2017-07-08',500,11,3),
	 (217,10,12,'2016-08-30','2016-09-15',770,2,6),
	 (272,1,18,'2017-07-13','2017-07-20',1730,12,1),
	 (278,5,17,'2016-12-21','2016-12-28',1850,1,7),
	 (288,10,43,'2017-04-30','2017-05-06',920,5,4),
	 (210,3,3,'2017-06-22','2017-07-10',380,11,5),
	 (203,1,6,'2017-06-15','2017-07-01',1980,12,9),
	 (296,10,32,'2017-03-09','2017-03-10',350,2,8),
	 (295,17,31,'2016-10-09','2016-10-16',1440,6,9),
	 (243,17,26,'2017-08-01','2017-08-06',1710,3,8),
	 (241,17,34,'2017-01-14','2017-01-16',1740,10,11),
	 (284,15,25,'2017-06-01','2017-06-03',430,7,10),
	 (286,4,35,'2017-01-20','2017-02-07',1360,11,4),
	 (236,11,2,'2016-10-22','2016-10-25',560,5,1),
	 (285,11,30,'2016-08-09','2016-08-24',1180,11,6),
	 (268,6,25,'2017-06-19','2017-06-21',110,1,12),
	 (286,15,49,'2016-12-04','2016-12-17',170,4,6),
	 (229,3,5,'2016-12-02','2016-12-08',630,11,5),
	 (255,1,33,'2017-02-08','2017-02-26',1480,3,8),
	 (288,13,6,'2016-12-23','2017-01-03',1740,3,11),
	 (300,9,36,'2017-07-07','2017-07-16',1580,3,6),
	 (202,16,14,'2016-09-01','2016-09-17',1550,6,5),
	 (267,5,49,'2016-10-26','2016-11-14',320,2,11),
	 (206,17,45,'2017-04-22','2017-05-13',670,11,9),
	 (203,5,14,'2017-03-27','2017-04-02',420,4,1),
	 (217,2,50,'2017-01-25','2017-01-25',1120,10,12),
	 (214,16,29,'2016-12-24','2016-12-30',1820,3,3),
	 (207,2,38,'2017-03-18','2017-03-24',1970,5,9),
	 (208,5,22,'2017-01-06','2017-01-13',880,4,5),
	 (258,12,39,'2017-04-03','2017-04-23',450,7,3),
	 (268,5,49,'2017-01-09','2017-01-20',820,5,8),
	 (245,10,28,'2017-01-31','2017-02-05',1150,9,10),
	 (259,5,46,'2017-05-12','2017-06-01',1070,7,1),
	 (237,3,2,'2017-06-25','2017-06-26',1390,9,9),
	 (287,6,45,'2016-08-19','2016-09-03',910,5,7),
	 (240,17,23,'2017-07-12','2017-07-14',1220,11,5),
	 (226,10,22,'2017-02-14','2017-02-21',640,5,11),
	 (215,12,22,'2016-10-20','2016-10-22',510,11,4),
	 (210,17,26,'2016-10-02','2016-10-06',980,4,11),
	 (201,11,37,'2016-08-04','2016-08-25',1550,1,9),
	 (293,9,18,'2016-11-02','2016-11-23',690,2,12),
	 (212,7,17,'2017-03-15','2017-03-25',570,6,6),
	 (222,4,15,'2016-11-12','2016-11-16',1890,5,5),
	 (232,10,28,'2017-06-21','2017-07-04',1170,9,8),
	 (243,15,31,'2016-09-18','2016-10-06',280,4,1),
	 (297,17,12,'2017-05-11','2017-05-23',660,11,8),
	 (300,9,40,'2017-03-31','2017-04-07',840,12,6),
	 (259,5,17,'2016-12-02','2016-12-06',1500,2,11),
	 (247,16,32,'2016-11-18','2016-11-28',1300,11,8),
	 (232,11,42,'2017-01-20','2017-02-01',810,7,12),
	 (260,10,2,'2017-04-15','2017-05-02',1050,4,11),
	 (279,12,13,'2016-11-12','2016-11-28',1390,1,10),
	 (231,7,2,'2016-09-06','2016-09-17',950,1,12),
	 (242,9,24,'2017-01-29','2017-02-08',360,2,1),
	 (245,15,30,'2016-09-27','2016-09-30',740,9,9),
	 (264,16,12,'2017-06-21','2017-06-26',1950,12,5),
	 (235,6,40,'2017-04-17','2017-04-27',1610,3,3),
	 (244,8,9,'2017-03-31','2017-04-04',1950,12,1),
	 (224,17,36,'2016-09-02','2016-09-11',1250,10,5),
	 (268,9,30,'2017-01-22','2017-02-09',850,3,12),
	 (284,12,40,'2017-05-22','2017-06-06',1930,8,2),
	 (270,11,47,'2016-09-24','2016-09-25',190,4,9),
	 (272,15,5,'2017-01-08','2017-01-08',400,10,1),
	 (249,5,13,'2016-08-09','2016-08-16',270,3,2),
	 (214,17,31,'2016-09-05','2016-09-10',1430,7,2),
	 (281,15,11,'2016-08-30','2016-09-09',1640,12,2),
	 (245,2,40,'2017-07-15','2017-07-28',1610,7,4),
	 (211,14,35,'2016-10-07','2016-10-10',400,10,9),
	 (232,14,34,'2017-07-16','2017-07-31',420,10,4),
	 (259,16,28,'2016-10-05','2016-10-21',760,10,11),
	 (228,12,4,'2017-02-13','2017-02-15',900,8,8),
	 (251,10,39,'2017-08-05','2017-08-21',860,5,12),
	 (285,10,26,'2016-12-10','2016-12-21',1240,12,8),
	 (232,4,3,'2017-07-21','2017-07-25',1200,6,9),
	 (215,12,23,'2017-02-01','2017-02-03',1940,1,6),
	 (209,11,5,'2016-09-20','2016-10-02',1430,6,2),
	 (223,17,13,'2017-07-04','2017-07-05',860,3,10),
	 (288,12,14,'2016-08-18','2016-08-28',280,9,7),
	 (251,15,2,'2017-02-17','2017-02-25',1550,1,6),
	 (299,6,19,'2016-11-23','2016-12-12',850,9,8),
	 (288,10,2,'2016-08-07','2016-08-11',590,11,4),
	 (245,5,3,'2017-03-10','2017-03-20',380,8,3),
	 (295,5,5,'2016-11-11','2016-11-15',370,11,10),
	 (267,13,24,'2016-08-19','2016-09-03',1250,5,6),
	 (287,4,43,'2016-10-31','2016-11-10',1070,7,5),
	 (288,1,36,'2017-06-18','2017-06-30',1470,7,8),
	 (263,6,14,'2017-03-31','2017-04-15',1550,10,10),
	 (202,7,5,'2017-02-27','2017-03-09',750,3,6),
	 (218,5,4,'2017-06-30','2017-07-06',1730,5,6),
	 (257,1,24,'2016-09-01','2016-09-20',260,11,6),
	 (248,2,30,'2016-09-19','2016-10-10',540,2,1),
	 (281,5,33,'2016-09-08','2016-09-17',580,9,3),
	 (265,2,12,'2016-08-23','2016-09-11',1500,6,5),
	 (259,16,15,'2017-04-14','2017-04-25',610,11,9),
	 (262,8,12,'2017-05-30','2017-06-08',1710,12,1),
	 (298,1,23,'2017-03-22','2017-03-29',450,2,4),
	 (217,4,21,'2017-01-05','2017-01-15',240,2,6),
	 (201,5,17,'2017-06-30','2017-07-13',460,7,9),
	 (294,9,44,'2016-11-28','2016-11-29',1580,9,4),
	 (234,16,28,'2017-01-11','2017-01-20',690,9,1),
	 (279,11,37,'2017-04-15','2017-04-22',340,9,6),
	 (283,5,50,'2017-02-22','2017-03-03',1710,5,2),
	 (208,8,39,'2017-07-20','2017-08-10',300,9,6),
	 (258,16,36,'2017-02-25','2017-03-08',1200,8,2),
	 (233,7,24,'2017-06-02','2017-06-18',800,10,12),
	 (232,1,1,'2017-06-07','2017-06-15',1390,2,10),
	 (283,14,7,'2017-07-20','2017-07-26',1260,1,9),
	 (253,11,11,'2017-06-13','2017-06-19',510,11,12),
	 (261,12,30,'2016-11-16','2016-11-28',650,1,7),
	 (296,1,5,'2017-07-08','2017-07-22',1560,6,4),
	 (218,17,39,'2017-07-06','2017-07-26',230,3,1),
	 (280,10,42,'2017-04-05','2017-04-10',310,3,3),
	 (211,8,29,'2016-09-08','2016-09-24',260,8,6),
	 (205,14,28,'2017-06-17','2017-07-01',440,8,11),
	 (248,12,26,'2017-02-22','2017-03-02',160,6,3),
	 (248,13,9,'2017-03-19','2017-04-06',660,8,4),
	 (297,12,25,'2016-09-15','2016-10-01',760,3,9),
	 (245,15,6,'2017-07-03','2017-07-17',1900,6,7),
	 (265,15,16,'2017-08-05','2017-08-16',870,11,1),
	 (300,8,28,'2016-08-26','2016-09-08',440,9,8),
	 (294,13,9,'2017-01-12','2017-01-23',1720,8,3),
	 (271,8,8,'2017-01-16','2017-02-04',1630,8,10),
	 (292,1,17,'2016-11-25','2016-12-06',180,7,3),
	 (215,4,29,'2017-06-14','2017-06-15',290,11,4),
	 (253,14,29,'2016-10-29','2016-11-09',900,12,3),
	 (222,12,17,'2017-02-08','2017-02-17',1210,6,3),
	 (211,6,9,'2016-08-03','2016-08-16',1270,6,5),
	 (266,1,37,'2017-02-25','2017-03-05',1900,4,6),
	 (264,8,28,'2017-06-16','2017-06-22',1620,5,10),
	 (241,6,33,'2017-08-04','2017-08-18',430,11,11),
	 (257,14,43,'2016-08-22','2016-09-10',350,4,11),
	 (298,17,15,'2016-09-21','2016-10-11',1280,12,6),
	 (272,15,14,'2017-05-22','2017-06-05',1200,3,5),
	 (272,5,48,'2017-05-20','2017-06-08',990,10,2),
	 (247,8,32,'2016-10-04','2016-10-18',1120,8,5),
	 (245,3,26,'2017-01-06','2017-01-25',190,4,9),
	 (212,14,42,'2016-10-30','2016-11-20',460,1,5),
	 (282,9,18,'2017-08-08','2017-08-21',1320,1,8),
	 (270,7,26,'2017-03-31','2017-04-06',1830,12,11),
	 (235,3,6,'2017-08-07','2017-08-21',1870,8,1),
	 (225,15,8,'2016-09-11','2016-09-20',480,7,1),
	 (223,1,39,'2016-12-12','2016-12-25',360,3,1),
	 (287,16,13,'2017-08-02','2017-08-07',650,4,9),
	 (279,16,20,'2017-07-14','2017-07-29',1860,4,4),
	 (262,15,47,'2016-11-19','2016-12-01',1810,8,12),
	 (246,15,3,'2017-06-22','2017-06-30',490,9,5),
	 (218,2,29,'2017-05-08','2017-05-14',950,2,4),
	 (242,2,31,'2017-04-13','2017-04-14',1480,1,12),
	 (291,5,4,'2017-06-09','2017-06-18',350,8,11),
	 (272,8,24,'2017-05-08','2017-05-20',1010,11,5),
	 (252,2,42,'2017-01-28','2017-02-14',980,12,8),
	 (294,9,9,'2017-02-11','2017-02-11',1760,11,5),
	 (240,2,7,'2016-10-12','2016-10-19',1250,1,11),
	 (243,6,43,'2017-04-09','2017-04-14',1750,1,9),
	 (254,9,11,'2016-12-19','2016-12-26',1570,5,7),
	 (228,14,4,'2016-11-20','2016-12-06',690,7,7),
	 (272,14,17,'2016-10-13','2016-10-20',1480,10,5),
	 (220,1,15,'2016-11-28','2016-11-29',1850,2,3),
	 (241,16,37,'2016-11-17','2016-12-07',300,12,6),
	 (240,1,46,'2017-02-06','2017-02-19',620,3,1),
	 (286,9,30,'2017-03-09','2017-03-23',1450,7,12),
	 (257,4,26,'2017-03-29','2017-04-13',1460,12,11),
	 (219,13,45,'2016-10-18','2016-10-24',410,9,1),
	 (211,15,8,'2017-03-10','2017-03-22',1130,10,6),
	 (227,5,18,'2017-03-21','2017-03-20',1310,4,6),
	 (228,11,36,'2017-07-17','2017-07-27',1070,1,7),
	 (272,13,18,'2016-09-27','2016-10-13',1330,4,11),
	 (270,16,11,'2017-07-03','2017-07-22',1880,2,5),
	 (276,16,28,'2017-06-06','2017-06-22',690,10,8),
	 (274,11,35,'2017-07-27','2017-08-12',480,2,7),
	 (261,5,47,'2016-09-10','2016-09-10',1190,3,6),
	 (218,4,30,'2016-11-26','2016-12-04',520,6,1),
	 (263,3,32,'2017-03-27','2017-04-04',420,3,3),
	 (274,14,49,'2017-02-01','2017-02-21',1110,7,8),
	 (243,6,43,'2017-07-12','2017-07-20',630,7,3),
	 (251,2,30,'2016-11-15','2016-12-01',990,2,5),
	 (224,15,22,'2017-06-20','2017-06-24',890,9,7),
	 (233,11,34,'2017-03-07','2017-03-26',1000,9,2),
	 (270,9,24,'2017-04-07','2017-04-09',370,11,7),
	 (218,2,36,'2017-01-04','2017-01-16',1520,3,3),
	 (271,4,24,'2017-05-11','2017-05-31',500,9,10),
	 (275,17,30,'2016-12-28','2017-01-03',810,6,1),
	 (284,17,23,'2016-10-03','2016-10-06',1490,6,9),
	 (229,7,19,'2017-01-11','2017-01-14',710,1,10),
	 (222,15,30,'2017-04-05','2017-04-20',1080,11,12),
	 (202,3,41,'2016-11-14','2016-11-25',1620,5,6),
	 (230,16,24,'2017-02-18','2017-02-23',1980,12,10),
	 (249,4,48,'2017-07-10','2017-07-14',270,2,5),
	 (298,10,38,'2017-05-02','2017-05-02',1300,9,4),
	 (221,13,5,'2016-12-12','2016-12-16',800,4,5),
	 (232,16,16,'2017-06-25','2017-07-09',240,3,7),
	 (207,4,38,'2017-02-23','2017-02-24',1700,10,9),
	 (273,5,50,'2017-01-01','2017-01-20',1220,2,3),
	 (231,17,20,'2016-08-13','2016-08-17',1620,1,3),
	 (299,12,21,'2017-02-23','2017-03-03',1450,11,12),
	 (213,7,33,'2017-02-28','2017-03-07',1130,10,9),
	 (231,10,17,'2017-02-19','2017-03-12',1600,3,1),
	 (253,9,4,'2017-02-28','2017-03-03',1390,11,9),
	 (275,4,40,'2017-07-28','2017-07-30',810,7,11),
	 (267,15,12,'2017-01-09','2017-01-18',1980,2,7),
	 (217,4,9,'2016-12-23','2017-01-07',730,3,1),
	 (251,4,13,'2017-08-05','2017-08-10',1070,10,10),
	 (254,9,24,'2016-10-09','2016-10-23',890,4,9),
	 (295,15,31,'2017-04-08','2017-04-12',360,8,6),
	 (277,6,42,'2016-09-29','2016-10-20',960,2,8),
	 (212,15,37,'2017-05-15','2017-05-21',1130,4,8),
	 (229,7,36,'2016-12-23','2016-12-30',730,12,6),
	 (208,12,32,'2016-10-24','2016-11-04',1330,9,6),
	 (258,17,39,'2017-06-09','2017-06-29',760,10,1),
	 (227,1,49,'2016-09-27','2016-09-30',1270,7,9),
	 (263,15,49,'2017-04-29','2017-05-05',540,6,12),
	 (289,14,44,'2017-03-21','2017-03-29',1890,9,5),
	 (289,8,14,'2017-01-06','2017-01-13',1230,8,1),
	 (276,4,20,'2016-08-17','2016-09-03',1330,9,10),
	 (224,2,48,'2016-10-25','2016-11-04',1400,9,9),
	 (229,8,38,'2017-02-23','2017-03-07',1770,3,2),
	 (223,12,33,'2017-05-20','2017-06-01',1740,5,11),
	 (284,1,39,'2016-10-18','2016-11-02',650,4,3),
	 (247,5,19,'2016-09-01','2016-09-13',1170,11,1),
	 (203,1,37,'2016-09-30','2016-10-08',1300,8,12),
	 (243,15,31,'2017-07-28','2017-08-11',750,10,11),
	 (279,4,18,'2016-10-29','2016-11-17',1860,9,8),
	 (272,12,4,'2017-02-06','2017-02-18',1290,11,7),
	 (257,13,27,'2016-08-11','2016-08-31',1320,9,7),
	 (282,11,36,'2016-09-30','2016-10-13',1310,3,3),
	 (296,15,31,'2017-01-28','2017-02-05',1880,12,1),
	 (267,11,34,'2017-05-08','2017-05-17',1000,12,2),
	 (298,8,10,'2017-08-06','2017-08-13',1900,11,12),
	 (214,10,24,'2016-08-27','2016-09-07',1090,5,4),
	 (258,9,6,'2017-05-15','2017-05-25',1200,2,12),
	 (248,13,1,'2017-05-02','2017-05-13',1140,4,10),
	 (289,14,46,'2017-04-07','2017-04-14',1930,9,8),
	 (298,2,2,'2016-11-22','2016-11-24',780,7,11),
	 (239,17,12,'2016-08-01','2016-08-01',770,9,2),
	 (297,6,38,'2016-12-20','2016-12-31',460,3,6),
	 (264,8,38,'2016-12-02','2016-12-10',1770,5,11),
	 (260,9,6,'2017-05-10','2017-05-29',1510,10,2),
	 (295,16,35,'2016-09-06','2016-09-21',1750,6,1),
	 (251,2,4,'2017-04-08','2017-04-15',790,9,1),
	 (261,3,6,'2017-03-07','2017-03-25',1150,1,7),
	 (273,17,23,'2017-04-10','2017-04-10',1270,6,5),
	 (235,8,48,'2016-11-20','2016-11-20',1220,1,5),
	 (215,17,14,'2016-12-30','2017-01-17',570,10,10),
	 (235,9,42,'2016-10-09','2016-10-26',1770,8,5),
	 (280,9,16,'2017-01-26','2017-01-27',1340,5,7),
	 (286,17,6,'2016-08-02','2016-08-22',690,11,3),
	 (299,11,29,'2017-07-26','2017-08-08',530,7,4),
	 (265,14,43,'2016-09-22','2016-09-22',540,2,4),
	 (262,4,35,'2016-09-12','2016-09-29',1350,2,6),
	 (243,10,47,'2016-09-23','2016-10-13',430,4,5),
	 (261,9,2,'2016-11-07','2016-11-19',110,7,9),
	 (223,17,31,'2017-07-10','2017-07-12',1930,5,3),
	 (229,9,17,'2017-08-06','2017-08-19',1660,4,3),
	 (289,16,22,'2016-08-17','2016-09-03',1940,8,3),
	 (229,8,7,'2017-07-30','2017-08-05',550,1,6),
	 (252,15,26,'2016-11-10','2016-11-14',1160,3,12),
	 (223,10,18,'2016-08-19','2016-08-19',1700,11,6),
	 (222,11,2,'2017-07-06','2017-07-08',720,11,4),
	 (212,2,20,'2017-03-12','2017-03-20',1260,7,11),
	 (225,4,2,'2017-03-17','2017-03-31',1240,5,12),
	 (297,13,26,'2016-09-16','2016-10-05',1040,1,7),
	 (279,6,31,'2017-06-02','2017-06-22',240,1,7),
	 (263,7,50,'2016-10-31','2016-11-08',270,1,9),
	 (210,1,50,'2017-06-03','2017-06-09',850,12,2),
	 (281,4,20,'2017-03-07','2017-03-19',660,7,3),
	 (202,1,34,'2017-05-24','2017-05-31',600,4,11),
	 (258,8,50,'2017-05-01','2017-05-12',1290,4,1),
	 (285,2,4,'2017-02-02','2017-02-19',530,4,8),
	 (227,6,35,'2017-06-27','2017-07-01',1290,7,7),
	 (232,5,5,'2016-10-24','2016-10-26',140,6,4),
	 (299,9,18,'2016-09-13','2016-09-27',680,1,6),
	 (246,7,22,'2017-08-05','2017-08-19',1400,3,2),
	 (281,3,14,'2017-06-01','2017-06-22',1680,6,7),
	 (273,9,34,'2016-12-13','2016-12-29',280,5,10),
	 (284,10,34,'2016-10-20','2016-10-23',1500,10,10),
	 (289,13,20,'2017-02-02','2017-02-02',120,12,8),
	 (266,13,10,'2017-01-11','2017-01-19',120,4,7),
	 (262,12,12,'2016-09-17','2016-10-05',310,3,2),
	 (220,1,5,'2017-04-03','2017-04-24',270,2,8),
	 (222,6,26,'2017-07-01','2017-07-05',190,10,10),
	 (218,4,28,'2017-03-21','2017-04-06',500,2,3),
	 (269,6,21,'2017-08-04','2017-08-15',820,7,8),
	 (223,17,25,'2016-09-29','2016-10-01',1070,1,3),
	 (242,8,50,'2016-08-11','2016-08-13',1750,11,9),
	 (287,4,39,'2017-01-27','2017-02-10',780,3,6),
	 (293,3,10,'2016-09-08','2016-09-21',1740,9,3),
	 (216,9,48,'2016-12-21','2016-12-30',990,7,7),
	 (247,1,25,'2017-02-24','2017-02-26',1390,1,2),
	 (204,14,18,'2016-12-24','2016-12-25',160,10,5),
	 (215,14,21,'2017-01-02','2017-01-08',1140,9,6),
	 (264,13,29,'2016-11-20','2016-12-11',1570,9,8),
	 (232,14,39,'2017-07-31','2017-08-19',720,12,2),
	 (218,8,32,'2016-11-13','2016-11-13',550,6,5),
	 (249,6,22,'2017-06-22','2017-07-10',850,5,5),
	 (288,17,11,'2017-01-17','2017-01-21',1340,8,9),
	 (260,7,10,'2017-01-11','2017-01-21',1780,1,2),
	 (207,8,19,'2017-06-30','2017-07-18',610,10,5),
	 (272,8,21,'2016-10-01','2016-10-12',800,12,12),
	 (252,1,37,'2017-06-21','2017-07-05',1300,8,2),
	 (233,10,11,'2016-10-02','2016-10-22',1130,1,11),
	 (216,2,24,'2017-06-17','2017-06-27',550,2,7),
	 (249,9,8,'2017-05-13','2017-05-21',1860,10,7),
	 (204,15,49,'2017-03-31','2017-04-20',320,10,5),
	 (271,12,7,'2017-05-02','2017-05-11',920,9,5),
	 (221,6,1,'2016-12-24','2017-01-03',210,5,8),
	 (237,11,14,'2017-05-17','2017-06-05',1000,8,7),
	 (250,4,35,'2017-04-22','2017-05-02',590,6,9),
	 (288,12,23,'2016-08-21','2016-08-26',1220,5,5),
	 (254,5,34,'2017-04-05','2017-04-14',730,1,6),
	 (208,10,48,'2017-05-04','2017-05-10',200,2,8),
	 (254,9,38,'2016-09-27','2016-09-28',1500,2,9),
	 (231,4,1,'2017-05-10','2017-05-19',1490,2,1),
	 (270,13,11,'2017-01-10','2017-01-14',900,11,6),
	 (248,8,30,'2017-07-05','2017-07-24',970,2,7),
	 (223,12,32,'2017-01-05','2017-01-15',1620,11,2),
	 (222,1,47,'2016-12-28','2017-01-18',1850,7,7),
	 (291,15,8,'2016-09-17','2016-10-01',120,9,10),
	 (292,7,30,'2017-05-28','2017-06-11',300,2,4),
	 (288,12,33,'2016-08-31','2016-09-12',620,8,11),
	 (272,14,45,'2016-12-18','2017-01-04',640,1,12),
	 (258,2,27,'2017-03-25','2017-04-05',1070,8,11),
	 (201,3,16,'2017-02-27','2017-03-11',230,12,12),
	 (295,16,41,'2017-04-10','2017-04-23',1160,11,2),
	 (248,10,25,'2017-02-02','2017-02-05',1750,5,1),
	 (266,3,45,'2017-05-23','2017-06-11',320,9,1),
	 (219,3,9,'2017-04-25','2017-05-15',1960,7,8),
	 (217,12,18,'2017-06-01','2017-06-01',1810,12,2),
	 (217,16,32,'2016-12-22','2016-12-24',840,11,7),
	 (292,9,31,'2017-07-13','2017-07-16',500,10,8),
	 (230,10,32,'2017-01-29','2017-02-17',1460,3,10),
	 (213,11,18,'2016-09-25','2016-09-25',1530,2,3),
	 (248,16,12,'2017-03-29','2017-04-14',1520,2,11),
	 (252,10,31,'2017-04-07','2017-04-17',1810,11,4),
	 (211,14,32,'2016-12-10','2016-12-20',630,6,1),
	 (225,17,41,'2017-02-26','2017-03-02',850,4,1),
	 (258,13,2,'2017-04-20','2017-04-22',1700,8,1),
	 (240,8,44,'2016-12-24','2016-12-24',1140,12,2),
	 (285,9,24,'2016-10-26','2016-11-01',940,11,12),
	 (271,3,32,'2017-07-21','2017-07-22',120,12,12),
	 (245,11,3,'2017-07-26','2017-07-31',1610,12,11),
	 (234,10,10,'2017-06-29','2017-06-29',300,6,12),
	 (211,6,5,'2016-08-06','2016-08-22',910,8,1),
	 (224,16,37,'2016-12-19','2016-12-28',870,1,3),
	 (257,12,50,'2016-08-04','2016-08-05',1920,10,2),
	 (213,13,5,'2016-10-17','2016-11-03',130,4,1),
	 (299,17,42,'2016-10-15','2016-10-17',1010,2,2),
	 (231,3,27,'2017-05-13','2017-05-23',1810,6,2),
	 (286,13,43,'2016-08-08','2016-08-25',570,1,8),
	 (210,6,19,'2016-11-24','2016-12-02',110,9,12),
	 (221,2,1,'2017-01-27','2017-02-09',540,1,9),
	 (249,7,41,'2017-03-21','2017-04-02',1920,10,6),
	 (269,11,17,'2017-04-04','2017-04-04',1410,7,8),
	 (228,4,21,'2017-01-23','2017-02-08',1370,3,12),
	 (268,7,35,'2017-07-18','2017-07-28',160,1,3),
	 (264,1,22,'2016-08-21','2016-09-04',150,6,7),
	 (226,10,31,'2017-02-02','2017-02-22',750,7,10),
	 (202,5,22,'2017-05-16','2017-05-23',340,8,10),
	 (270,8,30,'2016-08-14','2016-09-01',1920,6,10),
	 (222,10,11,'2016-12-07','2016-12-07',1810,9,4),
	 (236,13,33,'2016-08-04','2016-08-21',1910,2,8),
	 (265,16,27,'2017-01-05','2017-01-09',1750,7,10),
	 (252,11,28,'2017-04-06','2017-04-22',1720,2,8),
	 (220,16,37,'2016-09-26','2016-10-01',1940,2,2),
	 (239,9,5,'2016-10-24','2016-10-26',1450,9,2),
	 (288,3,49,'2017-08-04','2017-08-22',1480,2,8),
	 (277,5,44,'2017-03-05','2017-03-17',220,5,1),
	 (224,8,48,'2016-08-29','2016-08-31',260,4,11),
	 (278,7,49,'2017-05-03','2017-05-19',1270,9,9),
	 (274,15,24,'2017-01-04','2017-01-18',950,9,5),
	 (239,2,15,'2017-03-01','2017-03-16',510,3,12),
	 (205,6,44,'2016-09-01','2016-09-04',1060,1,10),
	 (255,13,38,'2017-01-29','2017-02-08',980,10,5),
	 (236,3,30,'2017-06-30','2017-07-19',210,9,9),
	 (219,3,16,'2017-01-16','2017-01-26',390,7,8),
	 (212,15,11,'2017-06-18','2017-06-20',1660,4,7),
	 (202,6,10,'2016-09-24','2016-10-05',410,9,6),
	 (241,9,13,'2016-09-27','2016-10-09',1330,10,1),
	 (256,10,8,'2016-11-25','2016-11-25',1970,5,9),
	 (239,14,24,'2016-11-24','2016-12-02',930,7,11),
	 (237,3,15,'2016-11-04','2016-11-18',1970,11,8),
	 (263,8,14,'2017-03-22','2017-03-22',950,6,5),
	 (238,8,5,'2016-08-01','2016-08-13',1670,7,2),
	 (269,8,15,'2017-03-29','2017-04-10',750,5,9),
	 (270,2,15,'2016-10-15','2016-10-15',980,6,6),
	 (281,10,9,'2017-01-24','2017-02-12',550,7,10),
	 (246,12,29,'2017-04-25','2017-05-05',100,8,12),
	 (293,13,39,'2017-05-13','2017-05-21',240,4,6),
	 (290,12,35,'2016-11-28','2016-12-14',1700,8,12),
	 (225,13,23,'2016-08-11','2016-08-14',800,1,4),
	 (298,6,16,'2016-09-08','2016-09-21',700,5,5),
	 (225,2,22,'2016-09-11','2016-09-19',540,8,11),
	 (222,6,29,'2017-01-28','2017-02-01',1470,10,8),
	 (245,13,30,'2017-07-30','2017-08-09',1670,6,3),
	 (286,15,16,'2017-05-17','2017-05-19',610,8,10),
	 (293,9,49,'2016-10-21','2016-10-30',490,11,12),
	 (259,9,24,'2016-08-17','2016-08-30',1690,10,9),
	 (235,9,11,'2017-05-01','2017-05-07',620,8,11),
	 (226,9,48,'2017-06-22','2017-06-26',140,5,8),
	 (218,12,42,'2017-06-16','2017-07-04',860,2,11),
	 (250,16,48,'2017-01-03','2017-01-11',1210,8,12),
	 (262,17,19,'2017-01-21','2017-01-30',1780,11,8),
	 (262,10,32,'2017-07-14','2017-07-26',250,2,7),
	 (222,1,30,'2017-08-07','2017-08-19',1830,5,10),
	 (278,16,2,'2016-11-14','2016-12-04',1990,7,9),
	 (241,11,11,'2017-02-27','2017-03-03',1280,9,9),
	 (267,4,7,'2017-02-22','2017-03-14',820,9,7),
	 (286,3,16,'2017-01-05','2017-01-18',450,3,7),
	 (247,2,38,'2017-02-24','2017-03-14',560,3,1),
	 (275,10,49,'2016-11-01','2016-11-15',1220,12,6),
	 (202,13,5,'2017-05-24','2017-06-08',460,8,1),
	 (266,8,42,'2017-01-17','2017-02-03',1210,5,6),
	 (210,3,35,'2016-12-27','2017-01-02',1050,7,11),
	 (253,13,47,'2016-09-25','2016-09-30',1210,4,3),
	 (249,9,9,'2016-10-04','2016-10-12',280,11,8),
	 (226,2,38,'2016-11-03','2016-11-14',1290,11,5),
	 (219,2,11,'2016-10-01','2016-10-15',530,5,12),
	 (208,7,29,'2017-05-17','2017-05-31',1310,12,12),
	 (219,4,24,'2017-07-01','2017-07-22',240,8,4),
	 (263,1,44,'2017-07-09','2017-07-20',2000,5,5),
	 (270,1,43,'2016-09-25','2016-10-16',1590,6,5),
	 (274,2,26,'2016-11-17','2016-11-21',1330,2,4),
	 (226,12,25,'2017-05-27','2017-06-03',270,8,5),
	 (222,12,27,'2017-07-28','2017-08-09',510,5,2),
	 (274,4,17,'2017-01-02','2017-01-06',1730,5,7),
	 (218,14,44,'2016-08-23','2016-09-07',1200,6,7),
	 (254,17,34,'2016-08-26','2016-09-15',1350,11,1),
	 (214,10,40,'2017-05-26','2017-06-12',780,7,6),
	 (251,17,49,'2016-12-13','2016-12-22',1510,1,9),
	 (208,13,40,'2017-02-24','2017-03-05',1440,10,4),
	 (209,1,32,'2017-07-29','2017-08-16',1430,12,8),
	 (248,15,41,'2017-02-15','2017-03-04',300,11,1),
	 (233,4,13,'2016-10-28','2016-11-14',1580,4,10),
	 (294,2,5,'2016-10-06','2016-10-11',110,1,4),
	 (255,5,44,'2017-01-16','2017-02-04',410,12,4),
	 (246,6,20,'2017-06-13','2017-06-17',1780,11,3),
	 (206,4,34,'2017-07-18','2017-07-18',1600,7,1),
	 (236,5,4,'2017-02-07','2017-02-28',220,1,12),
	 (264,16,48,'2017-05-26','2017-05-31',720,1,6),
	 (212,3,10,'2017-03-14','2017-04-01',2000,11,3),
	 (277,12,29,'2016-10-20','2016-10-21',1410,5,2),
	 (251,10,25,'2016-12-14','2016-12-17',1590,8,2),
	 (232,4,48,'2016-10-09','2016-10-28',1410,2,10),
	 (275,9,17,'2017-06-04','2017-06-17',1170,12,11),
	 (225,17,48,'2016-12-05','2016-12-11',340,4,9),
	 (250,13,23,'2017-03-09','2017-03-18',130,6,5),
	 (279,5,18,'2016-12-16','2016-12-16',1470,2,2),
	 (294,10,34,'2017-06-10','2017-06-24',1810,9,2),
	 (268,9,47,'2016-10-22','2016-11-12',1480,5,11),
	 (266,8,4,'2017-01-20','2017-02-02',130,3,10),
	 (251,15,13,'2017-01-02','2017-01-23',1550,4,10),
	 (202,1,10,'2017-05-07','2017-05-09',210,11,9),
	 (225,14,5,'2016-08-11','2016-08-26',280,1,8),
	 (279,10,49,'2016-10-11','2016-10-24',580,9,1),
	 (207,7,39,'2017-07-29','2017-08-08',1420,12,9),
	 (242,14,39,'2016-12-18','2016-12-18',1620,11,10),
	 (245,5,36,'2017-04-22','2017-05-04',700,10,11),
	 (297,9,18,'2017-03-25','2017-04-10',700,2,11);
    